{
  "title":"mas-s62s18.jpg",
  "description": "",
  "file": "/courses/mas-s62-cryptocurrency-engineering-and-design-spring-2018/3342fe0c3491729d56718ebf8f502fb8_mas-s62s18.jpg",
  "learning_resource_types": [],
  "resource_type": "Image",
  "file_type": "image/jpeg",
  "image_metadata": {"caption":"Illustration of a Bitcoin in the matrix courtesy of [Aaron J. Olson](https://pixabay.com/illustrations/bitcoin-crypto-money-blockchain-3767104/). License: CC0.","credit":"","image-alt":"Illustration of a bitcoin in a matrix of digital numbers."}}
