{
  "title":"Lecture 14: Lightning Network and Cross-chain Swaps",
  "description": "",
  "file": null,
  "learning_resource_types": ["Lecture Videos"],
  "resource_type": "Video",
  "file_type": null,
  "youtube_key":  "hNR3WTboo_U",
  "captions_file": "/courses/mas-s62-cryptocurrency-engineering-and-design-spring-2018/4d760bb6782b5371a6a2656b3c4beb08_hNR3WTboo_U.vtt",
  "transcript_file": "/courses/mas-s62-cryptocurrency-engineering-and-design-spring-2018/409ed0a6a44c4d326cea9441b869fc9b_hNR3WTboo_U.pdf",
  "thumbnail_file": "https://img.youtube.com/vi/hNR3WTboo_U/default.jpg",
  "archive_url": "https://archive.org/download/MITMAS.S62S18/MITMAS_S62S18_lec14_300k.mp4"}
