{
  "title":"Lecture 11: Fees",
  "description": "",
  "file": null,
  "learning_resource_types": ["Lecture Videos"],
  "resource_type": "Video",
  "file_type": null,
  "youtube_key":  "wXWbdiOBW5w",
  "captions_file": "/courses/mas-s62-cryptocurrency-engineering-and-design-spring-2018/3599c9587bfb57a39420ead419382e0f_wXWbdiOBW5w.vtt",
  "transcript_file": "/courses/mas-s62-cryptocurrency-engineering-and-design-spring-2018/c83f67d7f01ee2ae6083dc897f6eac74_wXWbdiOBW5w.pdf",
  "thumbnail_file": "https://img.youtube.com/vi/wXWbdiOBW5w/default.jpg",
  "archive_url": "https://archive.org/download/MITMAS.S62S18/MITMAS_S62S18_lec11_300k.mp4"}
