{
  "title":"Lecture 18: Confidential Transactions",
  "description": "",
  "file": null,
  "learning_resource_types": ["Lecture Videos"],
  "resource_type": "Video",
  "file_type": null,
  "youtube_key":  "UySc4jxbqi4",
  "captions_file": "/courses/mas-s62-cryptocurrency-engineering-and-design-spring-2018/afc5a1c3272a56b382b49070abdcabc9_UySc4jxbqi4.vtt",
  "transcript_file": "/courses/mas-s62-cryptocurrency-engineering-and-design-spring-2018/ea270ddfb14fe87f3fde130c0cdb6a75_UySc4jxbqi4.pdf",
  "thumbnail_file": "https://img.youtube.com/vi/UySc4jxbqi4/default.jpg",
  "archive_url": "https://archive.org/download/MITMAS.S62S18/MITMAS_S62S18_lec18_300k.mp4"}
