{
  "title":"Lecture 3: Signatures",
  "description": "",
  "file": null,
  "learning_resource_types": ["Lecture Videos"],
  "resource_type": "Video",
  "file_type": null,
  "youtube_key":  "0Q5IimX-AAc",
  "captions_file": "/courses/mas-s62-cryptocurrency-engineering-and-design-spring-2018/bd3f2307de8957bcb7ff6e53bea08f62_0Q5IimX-AAc.vtt",
  "transcript_file": "/courses/mas-s62-cryptocurrency-engineering-and-design-spring-2018/ea5a30f817fa8c49737df5f0378d0f63_0Q5IimX-AAc.pdf",
  "thumbnail_file": "https://img.youtube.com/vi/0Q5IimX-AAc/default.jpg",
  "archive_url": "https://archive.org/download/MITMAS.S62S18/MITMAS_S62S18_lec03_300k.mp4"}
