<?xml version="1.0" encoding="utf-8" standalone="yes"?>
<rss version="2.0" xmlns:atom="http://www.w3.org/2005/Atom">
  <channel>
    <title>Lecture Notes on MIT OpenCourseWare</title>
    <link>/resources/lecture-notes/</link>
    <description>Recent content in Lecture Notes on MIT OpenCourseWare</description>
    <generator>Hugo -- gohugo.io</generator>
    <language>en-us</language><atom:link href="/resources/lecture-notes/index.xml" rel="self" type="application/rss+xml" />
    <item>
      <title>Auditable Private Ledgers</title>
      <link>/resources/mas-s62s18-lec24/data.json</link>
      <pubDate>Mon, 01 Jan 0001 00:00:00 +0000</pubDate>
      
      <guid>/resources/mas-s62s18-lec24/data.json</guid>
      <description></description>
    </item>
    
    <item>
      <title>Cryptocurrency Engineering and Design</title>
      <link>/resources/mas-s62s18-lec04/data.json</link>
      <pubDate>Mon, 01 Jan 0001 00:00:00 +0000</pubDate>
      
      <guid>/resources/mas-s62s18-lec04/data.json</guid>
      <description></description>
    </item>
    
    <item>
      <title>Forks</title>
      <link>/resources/mas-s62s18-lec08/data.json</link>
      <pubDate>Mon, 01 Jan 0001 00:00:00 +0000</pubDate>
      
      <guid>/resources/mas-s62s18-lec08/data.json</guid>
      <description></description>
    </item>
    
    <item>
      <title>Lecture Notes</title>
      <link>/pages/lecture-notes/data.json</link>
      <pubDate>Mon, 01 Jan 0001 00:00:00 +0000</pubDate>
      
      <guid>/pages/lecture-notes/data.json</guid>
      <description>SES # TOPICS ADDITIONAL MATERIALS 1
Lecture 1: Signatures, Hashing, Hash Chains, e-cash, and Motivation (PDF)
2
Lecture 2: Proof of Work (PoW) and Mining (PDF)
Nakamoto, Satoshi. &amp;ldquo;Bitcoin: A Peer-to-Peer Electronic Cash System.&amp;rdquo;
3
Lecture 3: Signatures (PDF)
Maxwell, Gregory, Andrew Poelstra, Yannick Seurin and Pieter Wuille. &amp;ldquo;Simple Schnorr Multi-Signatures with Applications to Bitcoin.&amp;rdquo;
4
Lecture 4: Transactions and the UTXO Model (PDF)
Bitcoin Transactions
5
Lecture 5: Synchronization Process, Pruning (PDF)</description>
    </item>
    
    <item>
      <title>MAS-S62S18-lec02.pdf</title>
      <link>/resources/mas-s62s18-lec02/data.json</link>
      <pubDate>Mon, 01 Jan 0001 00:00:00 +0000</pubDate>
      
      <guid>/resources/mas-s62s18-lec02/data.json</guid>
      <description></description>
    </item>
    
    <item>
      <title>MAS-S62S18-lec03.pdf</title>
      <link>/resources/mas-s62s18-lec03/data.json</link>
      <pubDate>Mon, 01 Jan 0001 00:00:00 +0000</pubDate>
      
      <guid>/resources/mas-s62s18-lec03/data.json</guid>
      <description></description>
    </item>
    
    <item>
      <title>MAS-S62S18-lec05.pdf</title>
      <link>/resources/mas-s62s18-lec05/data.json</link>
      <pubDate>Mon, 01 Jan 0001 00:00:00 +0000</pubDate>
      
      <guid>/resources/mas-s62s18-lec05/data.json</guid>
      <description></description>
    </item>
    
    <item>
      <title>MAS-S62S18-lec06.pdf</title>
      <link>/resources/mas-s62s18-lec06/data.json</link>
      <pubDate>Mon, 01 Jan 0001 00:00:00 +0000</pubDate>
      
      <guid>/resources/mas-s62s18-lec06/data.json</guid>
      <description></description>
    </item>
    
    <item>
      <title>MAS-S62S18-lec07.pdf</title>
      <link>/resources/mas-s62s18-lec07/data.json</link>
      <pubDate>Mon, 01 Jan 0001 00:00:00 +0000</pubDate>
      
      <guid>/resources/mas-s62s18-lec07/data.json</guid>
      <description></description>
    </item>
    
    <item>
      <title>MAS-S62S18-lec10.pdf</title>
      <link>/resources/mas-s62s18-lec10/data.json</link>
      <pubDate>Mon, 01 Jan 0001 00:00:00 +0000</pubDate>
      
      <guid>/resources/mas-s62s18-lec10/data.json</guid>
      <description></description>
    </item>
    
    <item>
      <title>MAS-S62S18-lec11.pdf</title>
      <link>/resources/mas-s62s18-lec11/data.json</link>
      <pubDate>Mon, 01 Jan 0001 00:00:00 +0000</pubDate>
      
      <guid>/resources/mas-s62s18-lec11/data.json</guid>
      <description></description>
    </item>
    
    <item>
      <title>MAS-S62S18-lec12.pdf</title>
      <link>/resources/mas-s62s18-lec12/data.json</link>
      <pubDate>Mon, 01 Jan 0001 00:00:00 +0000</pubDate>
      
      <guid>/resources/mas-s62s18-lec12/data.json</guid>
      <description></description>
    </item>
    
    <item>
      <title>MAS-S62S18-lec13.pdf</title>
      <link>/resources/mas-s62s18-lec13/data.json</link>
      <pubDate>Mon, 01 Jan 0001 00:00:00 +0000</pubDate>
      
      <guid>/resources/mas-s62s18-lec13/data.json</guid>
      <description></description>
    </item>
    
    <item>
      <title>MAS-S62S18-lec14.pdf</title>
      <link>/resources/mas-s62s18-lec14/data.json</link>
      <pubDate>Mon, 01 Jan 0001 00:00:00 +0000</pubDate>
      
      <guid>/resources/mas-s62s18-lec14/data.json</guid>
      <description></description>
    </item>
    
    <item>
      <title>MAS-S62S18-lec15.pdf</title>
      <link>/resources/mas-s62s18-lec15/data.json</link>
      <pubDate>Mon, 01 Jan 0001 00:00:00 +0000</pubDate>
      
      <guid>/resources/mas-s62s18-lec15/data.json</guid>
      <description></description>
    </item>
    
    <item>
      <title>MAS-S62S18-lec16.pdf</title>
      <link>/resources/mas-s62s18-lec16/data.json</link>
      <pubDate>Mon, 01 Jan 0001 00:00:00 +0000</pubDate>
      
      <guid>/resources/mas-s62s18-lec16/data.json</guid>
      <description></description>
    </item>
    
    <item>
      <title>MAS-S62S18-lec17.pdf</title>
      <link>/resources/mas-s62s18-lec17/data.json</link>
      <pubDate>Mon, 01 Jan 0001 00:00:00 +0000</pubDate>
      
      <guid>/resources/mas-s62s18-lec17/data.json</guid>
      <description></description>
    </item>
    
    <item>
      <title>MAS-S62S18-lec18.pdf</title>
      <link>/resources/mas-s62s18-lec18/data.json</link>
      <pubDate>Mon, 01 Jan 0001 00:00:00 +0000</pubDate>
      
      <guid>/resources/mas-s62s18-lec18/data.json</guid>
      <description></description>
    </item>
    
    <item>
      <title>MAS-S62S18-lec22.pdf</title>
      <link>/resources/mas-s62s18-lec22/data.json</link>
      <pubDate>Mon, 01 Jan 0001 00:00:00 +0000</pubDate>
      
      <guid>/resources/mas-s62s18-lec22/data.json</guid>
      <description></description>
    </item>
    
    <item>
      <title>MAS-S62S18-lec23.pdf</title>
      <link>/resources/mas-s62s18-lec23/data.json</link>
      <pubDate>Mon, 01 Jan 0001 00:00:00 +0000</pubDate>
      
      <guid>/resources/mas-s62s18-lec23/data.json</guid>
      <description></description>
    </item>
    
    <item>
      <title>MAS.S62</title>
      <link>/resources/mas-s62s18-lec01/data.json</link>
      <pubDate>Mon, 01 Jan 0001 00:00:00 +0000</pubDate>
      
      <guid>/resources/mas-s62s18-lec01/data.json</guid>
      <description></description>
    </item>
    
  </channel>
</rss>
