{
  "title":"Lecture 6: SPV and Wallet Types",
  "description": "",
  "file": null,
  "learning_resource_types": ["Lecture Videos"],
  "resource_type": "Video",
  "file_type": null,
  "youtube_key":  "mhQebe1Y4d0",
  "captions_file": "/courses/mas-s62-cryptocurrency-engineering-and-design-spring-2018/023537786d0653d091f4afb4ccfc91dd_mhQebe1Y4d0.vtt",
  "transcript_file": "/courses/mas-s62-cryptocurrency-engineering-and-design-spring-2018/853e62690b0eabb43583ca201a3641f9_mhQebe1Y4d0.pdf",
  "thumbnail_file": "https://img.youtube.com/vi/mhQebe1Y4d0/default.jpg",
  "archive_url": "https://archive.org/download/MIT24.912S17/MITMAS_S62S18_lec06_300k.mp4"}
