{
  "title":"Lecture 4: Transactions and the UTXO Model",
  "description": "",
  "file": null,
  "learning_resource_types": ["Lecture Videos"],
  "resource_type": "Video",
  "file_type": null,
  "youtube_key":  "VT2o4KCEbes",
  "captions_file": "/courses/mas-s62-cryptocurrency-engineering-and-design-spring-2018/fd5ec2b1ec3d58e5b9b908901a86531a_VT2o4KCEbes.vtt",
  "transcript_file": "/courses/mas-s62-cryptocurrency-engineering-and-design-spring-2018/5ac0f8aba9d90991a2b8caea57ff7490_VT2o4KCEbes.pdf",
  "thumbnail_file": "https://img.youtube.com/vi/VT2o4KCEbes/default.jpg",
  "archive_url": "https://archive.org/download/MITMAS.S62S18/MITMAS_S62S18_lec04_300k.mp4"}
