<?xml version="1.0" encoding="utf-8" standalone="yes"?>
<rss version="2.0" xmlns:atom="http://www.w3.org/2005/Atom">
  <channel>
    <title>Lecture Videos on MIT OpenCourseWare</title>
    <link>/resources/lecture-videos/</link>
    <description>Recent content in Lecture Videos on MIT OpenCourseWare</description>
    <generator>Hugo -- gohugo.io</generator>
    <language>en-us</language><atom:link href="/resources/lecture-videos/index.xml" rel="self" type="application/rss+xml" />
    <item>
      <title>Lecture 1: Signatures, Hashing, Hash Chains, e-cash, and Motivation</title>
      <link>/resources/lec1-signatures-hashing-hash-chains-e-cash-and-motivation/data.json</link>
      <pubDate>Mon, 01 Jan 0001 00:00:00 +0000</pubDate>
      
      <guid>/resources/lec1-signatures-hashing-hash-chains-e-cash-and-motivation/data.json</guid>
      <description></description>
    </item>
    
    <item>
      <title>Lecture 10: PoW Recap, Other Fork Types</title>
      <link>/resources/lec10-pow-recap-other-fork-types/data.json</link>
      <pubDate>Mon, 01 Jan 0001 00:00:00 +0000</pubDate>
      
      <guid>/resources/lec10-pow-recap-other-fork-types/data.json</guid>
      <description></description>
    </item>
    
    <item>
      <title>Lecture 11: Fees</title>
      <link>/resources/lec11-fees/data.json</link>
      <pubDate>Mon, 01 Jan 0001 00:00:00 +0000</pubDate>
      
      <guid>/resources/lec11-fees/data.json</guid>
      <description></description>
    </item>
    
    <item>
      <title>Lecture 12: Transaction Malleability and Segregated Witness</title>
      <link>/resources/lec12-transaction-malleability-and-segregated-witness/data.json</link>
      <pubDate>Mon, 01 Jan 0001 00:00:00 +0000</pubDate>
      
      <guid>/resources/lec12-transaction-malleability-and-segregated-witness/data.json</guid>
      <description></description>
    </item>
    
    <item>
      <title>Lecture 13: Payment Channels and Lightning Network</title>
      <link>/resources/lec13-payment-channels-and-lightning-network/data.json</link>
      <pubDate>Mon, 01 Jan 0001 00:00:00 +0000</pubDate>
      
      <guid>/resources/lec13-payment-channels-and-lightning-network/data.json</guid>
      <description></description>
    </item>
    
    <item>
      <title>Lecture 14: Lightning Network and Cross-chain Swaps</title>
      <link>/resources/lec14-ightning-network-and-cross-chain-swaps/data.json</link>
      <pubDate>Mon, 01 Jan 0001 00:00:00 +0000</pubDate>
      
      <guid>/resources/lec14-ightning-network-and-cross-chain-swaps/data.json</guid>
      <description></description>
    </item>
    
    <item>
      <title>Lecture 15: Discreet Log Contracts</title>
      <link>/resources/lec15-discreet-log-contracts/data.json</link>
      <pubDate>Mon, 01 Jan 0001 00:00:00 +0000</pubDate>
      
      <guid>/resources/lec15-discreet-log-contracts/data.json</guid>
      <description></description>
    </item>
    
    <item>
      <title>Lecture 16: MAST, Taproot, Graftroot</title>
      <link>/resources/lec16-mast-taproot-graftroot/data.json</link>
      <pubDate>Mon, 01 Jan 0001 00:00:00 +0000</pubDate>
      
      <guid>/resources/lec16-mast-taproot-graftroot/data.json</guid>
      <description></description>
    </item>
    
    <item>
      <title>Lecture 17: Anonymity, Coinjoin and Signature Aggregation</title>
      <link>/resources/lec17-anonymity-coinjoin-and-signature-aggregation/data.json</link>
      <pubDate>Mon, 01 Jan 0001 00:00:00 +0000</pubDate>
      
      <guid>/resources/lec17-anonymity-coinjoin-and-signature-aggregation/data.json</guid>
      <description></description>
    </item>
    
    <item>
      <title>Lecture 18: Confidential Transactions</title>
      <link>/resources/lec18-confidential-transactions/data.json</link>
      <pubDate>Mon, 01 Jan 0001 00:00:00 +0000</pubDate>
      
      <guid>/resources/lec18-confidential-transactions/data.json</guid>
      <description></description>
    </item>
    
    <item>
      <title>Lecture 2: Proof of Work and Mining</title>
      <link>/resources/lec2-proof-of-work-and-mining/data.json</link>
      <pubDate>Mon, 01 Jan 0001 00:00:00 +0000</pubDate>
      
      <guid>/resources/lec2-proof-of-work-and-mining/data.json</guid>
      <description></description>
    </item>
    
    <item>
      <title>Lecture 22: Alternative Consensus Mechanisms</title>
      <link>/resources/lec22-alternative-consensus-mechanisms/data.json</link>
      <pubDate>Mon, 01 Jan 0001 00:00:00 +0000</pubDate>
      
      <guid>/resources/lec22-alternative-consensus-mechanisms/data.json</guid>
      <description></description>
    </item>
    
    <item>
      <title>Lecture 23: New Directions in Crypto</title>
      <link>/resources/lec23-new-directions-in-crypto/data.json</link>
      <pubDate>Mon, 01 Jan 0001 00:00:00 +0000</pubDate>
      
      <guid>/resources/lec23-new-directions-in-crypto/data.json</guid>
      <description></description>
    </item>
    
    <item>
      <title>Lecture 24: zkLedger</title>
      <link>/resources/lec24-zkledger/data.json</link>
      <pubDate>Mon, 01 Jan 0001 00:00:00 +0000</pubDate>
      
      <guid>/resources/lec24-zkledger/data.json</guid>
      <description></description>
    </item>
    
    <item>
      <title>Lecture 3: Signatures</title>
      <link>/resources/lec3-signatures/data.json</link>
      <pubDate>Mon, 01 Jan 0001 00:00:00 +0000</pubDate>
      
      <guid>/resources/lec3-signatures/data.json</guid>
      <description></description>
    </item>
    
    <item>
      <title>Lecture 4: Transactions and the UTXO Model</title>
      <link>/resources/lec4-transactions-and-the-utxo-model/data.json</link>
      <pubDate>Mon, 01 Jan 0001 00:00:00 +0000</pubDate>
      
      <guid>/resources/lec4-transactions-and-the-utxo-model/data.json</guid>
      <description></description>
    </item>
    
    <item>
      <title>Lecture 5: Synchronization Process, Pruning</title>
      <link>/resources/lec5-synchronization-process-pruning/data.json</link>
      <pubDate>Mon, 01 Jan 0001 00:00:00 +0000</pubDate>
      
      <guid>/resources/lec5-synchronization-process-pruning/data.json</guid>
      <description></description>
    </item>
    
    <item>
      <title>Lecture 6: SPV and Wallet Types</title>
      <link>/resources/lec6-spv-and-wallet-types/data.json</link>
      <pubDate>Mon, 01 Jan 0001 00:00:00 +0000</pubDate>
      
      <guid>/resources/lec6-spv-and-wallet-types/data.json</guid>
      <description></description>
    </item>
    
    <item>
      <title>Lecture 7: OP_RETURN and Catena</title>
      <link>/resources/lec7-op_return-and-catena/data.json</link>
      <pubDate>Mon, 01 Jan 0001 00:00:00 +0000</pubDate>
      
      <guid>/resources/lec7-op_return-and-catena/data.json</guid>
      <description></description>
    </item>
    
    <item>
      <title>Lecture 8: Forks</title>
      <link>/resources/lec8-forks/data.json</link>
      <pubDate>Mon, 01 Jan 0001 00:00:00 +0000</pubDate>
      
      <guid>/resources/lec8-forks/data.json</guid>
      <description></description>
    </item>
    
    <item>
      <title>Lecture Videos</title>
      <link>/video_galleries/lecture-videos/data.json</link>
      <pubDate>Mon, 01 Jan 0001 00:00:00 +0000</pubDate>
      
      <guid>/video_galleries/lecture-videos/data.json</guid>
      <description> Please note that lectures 9, 19, 20, and 21 are not available.
Lecture 1: Signatures, Hashing, Hash Chains, e-cash, and Motivation Lecture 2: Proof of Work and Mining Lecture 3: Signatures Lecture 4: Transactions and the UTXO Model Lecture 5: Synchronization Process, Pruning Lecture 6: SPV and Wallet Types Lecture 7: OP_RETURN and Catena Lecture 8: Forks Lecture 10: PoW Recap, Other Fork Types Lecture 11: Fees Lecture 12: Transaction Malleability and Segregated Witness Lecture 13: Payment Channels and Lightning Network Lecture 14: Lightning Network and Cross-chain Swaps Lecture 15: Discreet Log Contracts Lecture 16: MAST, Taproot, Graftroot Lecture 17: Anonymity, Coinjoin and Signature Aggregation Lecture 18: Confidential Transactions Lecture 22: Alternative Consensus Mechanisms Lecture 23: New Directions in Crypto Lecture 24: zkLedger </description>
    </item>
    
  </channel>
</rss>
