{
  "title":"Lecture 24: zkLedger",
  "description": "",
  "file": null,
  "learning_resource_types": ["Lecture Videos"],
  "resource_type": "Video",
  "file_type": null,
  "youtube_key":  "yKa-KxY-YJk",
  "captions_file": "/courses/mas-s62-cryptocurrency-engineering-and-design-spring-2018/930a0b620b4f517b8d5219feefa9c0ae_yKa-KxY-YJk.vtt",
  "transcript_file": "/courses/mas-s62-cryptocurrency-engineering-and-design-spring-2018/8b5d3a8cfad018adfa59605b05b06b66_yKa-KxY-YJk.pdf",
  "thumbnail_file": "https://img.youtube.com/vi/yKa-KxY-YJk/default.jpg",
  "archive_url": "https://archive.org/download/MITMAS.S62S18/MITMAS_S62S18_lec24_300k.mp4"}
