{
  "title":"Lecture 22: Alternative Consensus Mechanisms",
  "description": "",
  "file": null,
  "learning_resource_types": ["Lecture Videos"],
  "resource_type": "Video",
  "file_type": null,
  "youtube_key":  "mBdrvfytLDQ",
  "captions_file": "/courses/mas-s62-cryptocurrency-engineering-and-design-spring-2018/476313299feb5b3bb32b88df90300c9c_mBdrvfytLDQ.vtt",
  "transcript_file": "/courses/mas-s62-cryptocurrency-engineering-and-design-spring-2018/7f2ba190a4b41fe9421be212ef7f7c84_mBdrvfytLDQ.pdf",
  "thumbnail_file": "https://img.youtube.com/vi/mBdrvfytLDQ/default.jpg",
  "archive_url": "https://archive.org/download/MITMAS.S62S18/MITMAS_S62S18_lec22_300k.mp4"}
