{
  "title":"Lecture 1: Signatures, Hashing, Hash Chains, e-cash, and Motivation",
  "description": "",
  "file": null,
  "learning_resource_types": ["Lecture Videos"],
  "resource_type": "Video",
  "file_type": null,
  "youtube_key":  "IJquEYhiq_U",
  "captions_file": "/courses/mas-s62-cryptocurrency-engineering-and-design-spring-2018/c0d11f99465f5bc48d7d736c930940f1_IJquEYhiq_U.vtt",
  "transcript_file": "/courses/mas-s62-cryptocurrency-engineering-and-design-spring-2018/f804844e9a14734576168c871ed89588_IJquEYhiq_U.pdf",
  "thumbnail_file": "https://img.youtube.com/vi/IJquEYhiq_U/default.jpg",
  "archive_url": "https://archive.org/download/MITMAS.S62S18/MITMAS_S62S18_lec01_300k.mp4"}
