{
  "title":"Lecture 16: MAST, Taproot, Graftroot",
  "description": "",
  "file": null,
  "learning_resource_types": ["Lecture Videos"],
  "resource_type": "Video",
  "file_type": null,
  "youtube_key":  "gF4Mkkhyz1Q",
  "captions_file": "/courses/mas-s62-cryptocurrency-engineering-and-design-spring-2018/a443a0af8aff5d91bb922d7bf0cc1361_gF4Mkkhyz1Q.vtt",
  "transcript_file": "/courses/mas-s62-cryptocurrency-engineering-and-design-spring-2018/da4b02e40aa25b39aa533cec8bb79045_gF4Mkkhyz1Q.pdf",
  "thumbnail_file": "https://img.youtube.com/vi/gF4Mkkhyz1Q/default.jpg",
  "archive_url": "https://archive.org/download/MIT24.912S17/MITMAS_S62S18_lec16_300k.mp4"}
