{
  "title":"Lecture 8: Forks",
  "description": "",
  "file": null,
  "learning_resource_types": ["Lecture Videos"],
  "resource_type": "Video",
  "file_type": null,
  "youtube_key":  "U2yAcsj7P_E",
  "captions_file": "/courses/mas-s62-cryptocurrency-engineering-and-design-spring-2018/3a04a65b9aad5126acc89d39a2a2440a_U2yAcsj7P_E.vtt",
  "transcript_file": "/courses/mas-s62-cryptocurrency-engineering-and-design-spring-2018/8aac5b4e5063bdeb852e9c9c59668efc_U2yAcsj7P_E.pdf",
  "thumbnail_file": "https://img.youtube.com/vi/U2yAcsj7P_E/default.jpg",
  "archive_url": "https://archive.org/download/MITMAS.S62S18/MITMAS_S62S18_lec08_300k.mp4"}
