{
  "title":"mas-s62s18-th.jpg",
  "description": "",
  "file": "/courses/mas-s62-cryptocurrency-engineering-and-design-spring-2018/b8f258a169e991e13f8aa43d1f1335dd_mas-s62s18-th.jpg",
  "learning_resource_types": [],
  "resource_type": "Image",
  "file_type": "image/jpeg",
  "image_metadata": {"caption":"Illustration of a Bitcoin in the matrix courtesy of [Aaron J. Olson](https://pixabay.com/illustrations/bitcoin-crypto-money-blockchain-3767104/). License: CC0.","credit":"","image-alt":"Illustration of a bitcoin in a matrix of digital numbers."}}
