{
  "title":"Lecture 10: PoW Recap, Other Fork Types",
  "description": "",
  "file": null,
  "learning_resource_types": ["Lecture Videos"],
  "resource_type": "Video",
  "file_type": null,
  "youtube_key":  "muwNEvhy6Po",
  "captions_file": "/courses/mas-s62-cryptocurrency-engineering-and-design-spring-2018/143ac37b43455b19bbafe4dee073f0f1_muwNEvhy6Po.vtt",
  "transcript_file": "/courses/mas-s62-cryptocurrency-engineering-and-design-spring-2018/f5f253955f996f9d5f2708ffeeec4faf_muwNEvhy6Po.pdf",
  "thumbnail_file": "https://img.youtube.com/vi/muwNEvhy6Po/default.jpg",
  "archive_url": "https://archive.org/download/MITMAS.S62S18/MITMAS_S62S18_lec10_300k.mp4"}
