<?xml version="1.0" encoding="utf-8" standalone="yes"?>
<rss version="2.0" xmlns:atom="http://www.w3.org/2005/Atom">
  <channel>
    <title>Assignments on MIT OpenCourseWare</title>
    <link>/resources/assignments/</link>
    <description>Recent content in Assignments on MIT OpenCourseWare</description>
    <generator>Hugo -- gohugo.io</generator>
    <language>en-us</language><atom:link href="/resources/assignments/index.xml" rel="self" type="application/rss+xml" />
    <item>
      <title>Assignments</title>
      <link>/pages/assignments/data.json</link>
      <pubDate>Mon, 01 Jan 0001 00:00:00 +0000</pubDate>
      
      <guid>/pages/assignments/data.json</guid>
      <description>Problem Sets Hash-based Signature Schemes Mine Your Name UTXOhunt Final Projects You may form groups of 1–4 students and prepare a presentation and a ~4 page paper on one of the following:
Design and implement an application or system. Add a new feature to an existing system like Bitcoin, Ethereum, or another cryptocurrency or shared ledger implementation. Propose a formalization in this space for a topic that has not been formalized yet.</description>
    </item>
    
    <item>
      <title>Problem Set 1: Hash-based Signature Schemes</title>
      <link>/pages/assignments/pset1-hash-based-signature-schemes/data.json</link>
      <pubDate>Mon, 01 Jan 0001 00:00:00 +0000</pubDate>
      
      <guid>/pages/assignments/pset1-hash-based-signature-schemes/data.json</guid>
      <description>In the first part of this problem set, you&amp;rsquo;ll implement Lamport signatures. In the second part, you&amp;rsquo;ll take advantage of incorrect usage to forge signatures.
Getting started You&amp;rsquo;ll implement all labs in Go. The Go website contains a lot of useful information including a tutorial for learning Go if you&amp;rsquo;re not already familiar with it.
You will probably find it most convenient to install Go 1.9 on your own computer, but you can also use it remotely.</description>
    </item>
    
    <item>
      <title>Problem Set 3: UTXOhunt</title>
      <link>/pages/assignments/pset3-utxohunt/data.json</link>
      <pubDate>Mon, 01 Jan 0001 00:00:00 +0000</pubDate>
      
      <guid>/pages/assignments/pset3-utxohunt/data.json</guid>
      <description>In this assignment, we&amp;rsquo;re going to make some transactions on the Bitcoin test network using btcd for libraries, which is a bitcoin implementation written in golang. The goal is to understand how transactions are constructed and signed, and to become more familiar with the utxo model Bitcoin uses.
Testnet3 is a network for testing out Bitcoin. It works almost exactly like the regular Bitcoin network (small changes to addresses, the difficulty of proof of work) but everyone agrees that the testnet coins are not worth anything.</description>
    </item>
    
  </channel>
</rss>
