{"02353778-6d06-53d0-91f4-afb4ccfc91dd":"/resources/mhqebe1y4d0-2/data.json","08073c3c-e217-559f-5a3e-5aec85774b3e":"/pages/calendar/data.json","08f33ea0-f768-cefd-f9f9-07d17dd6daa8":"/resources/ijqueyhiq_u/data.json","0ddc1f64-8aa0-9c50-3bec-ca30d16222d1":"/resources/hnr3wtboo_u/data.json","0f01ed1d-2277-12e5-d097-ac7b45af046d":"/resources/7o5shpc0r2k/data.json","107c0875-8c61-537c-bbc7-7d75d50a875a":"/resources/zyzemblj77s-2/data.json","12e8ef38-10a0-450e-ef8f-177c5caec567":"/resources/p6ax8kdxats-1/data.json","143ac37b-4345-5b19-bbaf-e4dee073f0f1":"/resources/muwnevhy6po-2/data.json","156683de-6d8f-b025-79f0-c14c7b010b0b":"/resources/mas-s62s18-lec08/data.json","1cc5f4ee-60ba-5189-8945-d4a45390e3f8":"/resources/zyzemblj77s-1/data.json","20f5a23d-9e3e-b0bb-429f-24bbfff26189":"/resources/mhqebe1y4d0/data.json","217de5f9-d7b0-e26e-2508-9a6f63b213c3":"/resources/zyzemblj77s/data.json","25b467f2-a10a-d50e-df19-075f14450646":"/resources/lec24-zkledger/data.json","26bf43ca-3218-dcce-724e-866b380a08a0":"/resources/lec15-discreet-log-contracts/data.json","2787e735-8b9e-b76f-59c6-73e74539a6e0":"/resources/74_bkwr3n0k-1/data.json","28972c19-3581-0fe2-72c1-4b0577008db6":"/resources/7o5shpc0r2k-1/data.json","29e485be-72ae-5ef1-a600-80e64860f024":"/resources/bfwc2xa8rsk-2/data.json","29f5f561-9c58-dc49-4561-fe28536dd422":"/resources/vt2o4kcebes/data.json","2e29abd9-58c7-7e67-81b2-40dd947b2174":"/resources/gf4mkkhyz1q/data.json","2f392c24-a659-65e1-313a-0912a7daee6d":"/pages/assignments/data.json","3342fe0c-3491-729d-5671-8ebf8f502fb8":"/resources/mas-s62s18/data.json","3599c958-7bfb-57a3-9420-ead419382e0f":"/resources/wxwbdiobw5w-2/data.json","384f6533-a931-e3d5-9adc-80277a0aed0e":"/resources/lec11-fees/data.json","3a04a65b-9aad-5126-acc8-9d39a2a2440a":"/resources/u2yacsj7p_e-2/data.json","3a56d48b-646b-b7d6-d731-0e22e76b1bf9":"/pages/assignments/pset1-hash-based-signature-schemes/data.json","3ac88254-54e6-7d3a-6342-ee523cc8a8c8":"/resources/mas-s62s18-lec14/data.json","3c9e1e72-a55a-55a0-44ca-02050caaf1ac":"/resources/lec13-payment-channels-and-lightning-network/data.json","409ed0a6-a44c-4d32-6cea-9441b869fc9b":"/resources/hnr3wtboo_u-1/data.json","45a56d89-b297-7fb1-86e1-c7f8fd7b6841":"/resources/muwnevhy6po/data.json","47020155-80e4-5914-aef1-b9d5ad3614f2":"/resources/cceq5pchvuk-2/data.json","4714b4c1-f5e2-5b3f-8c86-a59be3b47500":"/resources/74_bkwr3n0k-2/data.json","47631329-9feb-5b3b-b32b-88df90300c9c":"/resources/mbdrvfytldq-2/data.json","478d7b4b-26f8-59e2-fa14-f534f1e1ee77":"/resources/lec17-anonymity-coinjoin-and-signature-aggregation/data.json","482e036a-a0d0-7fb3-b9cf-27d9c5e8c2c3":"/resources/mas-s62s18-lec04/data.json","496f40df-8917-220a-e644-4efe60f785f7":"/resources/mas-s62s18-lec15/data.json","4a77377a-8272-fe15-3ff7-70c8b2089735":"/resources/lec12-transaction-malleability-and-segregated-witness/data.json","4d595b57-196a-ee43-3893-7f75e346656b":"/resources/lec16-mast-taproot-graftroot/data.json","4d760bb6-782b-5371-a6a2-656b3c4beb08":"/resources/hnr3wtboo_u-2/data.json","4e1c1ce1-53ca-b8ed-4fee-6049b4c1e74c":"/resources/lec2-proof-of-work-and-mining/data.json","514721f6-465b-b8b6-66b6-56744203d134":"/resources/mas-s62s18-lec18/data.json","54d7055f-59c1-3936-1265-af365db80f02":"/resources/mas-s62s18-lec23/data.json","5a5b90bd-4c66-9827-201b-887d5831674b":"/resources/lec23-new-directions-in-crypto/data.json","5ac0f8ab-a9d9-0991-a2b8-caea57ff7490":"/resources/vt2o4kcebes-1/data.json","5b08a8fc-ea0e-3d97-ca5b-a74f966ef78a":"/pages/assignments/pset3-utxohunt/data.json","5d36c554-f2f6-e2c5-1a98-fb066be38fd1":"/resources/lec7-op_return-and-catena/data.json","5e8ede87-0935-5247-a3af-7bfb90a5bedb":"/resources/p6ax8kdxats-2/data.json","5eeb7b7c-6b05-de41-5c55-75c99e5dc6df":"/resources/u2yacsj7p_e/data.json","6396b119-dea1-934e-bbe3-39b1c3062c94":"/video_galleries/lecture-videos/data.json","662f07d7-120e-04ac-9e8b-5dd85e86295d":"/resources/uysc4jxbqi4/data.json","66cdeceb-821f-b721-421e-f88182690786":"/resources/bfwc2xa8rsk-1/data.json","685ea7d2-4f06-5bbe-245f-acca4ff2f7c0":"/resources/lec10-pow-recap-other-fork-types/data.json","6c660d03-8632-c01b-ffe5-34dc50f127c1":"/resources/lec1-signatures-hashing-hash-chains-e-cash-and-motivation/data.json","75f2acc6-2be6-66ed-377e-ab691899475b":"/resources/lec14-ightning-network-and-cross-chain-swaps/data.json","7872790e-5f04-5cc8-929d-01fb830ff222":"/resources/7o5shpc0r2k-2/data.json","7925123f-328b-57c2-9fcd-da780bdc63e0":"/resources/1qws70xgsq4-2/data.json","7f2ba190-a4b4-1fe9-421b-e212ef7f7c84":"/resources/mbdrvfytldq-1/data.json","853e6269-0b0e-abb4-3583-ca201a3641f9":"/resources/mhqebe1y4d0-1/data.json","8961df86-1657-2f4f-4a8c-8a6a67653138":"/resources/mas-s62s18-lec02/data.json","8aac5b4e-5063-bdeb-852e-9c9c59668efc":"/resources/u2yacsj7p_e-1/data.json","8b5d3a8c-fad0-18ad-fa59-605b05b06b66":"/resources/yka-kxy-yjk-1/data.json","8b7d559e-537d-c21b-84d6-c93184a2ca61":"/pages/lecture-notes/data.json","8b8f0d83-6551-195e-658d-026e774219c8":"/resources/lec4-transactions-and-the-utxo-model/data.json","930a0b62-0b4f-517b-8d52-19feefa9c0ae":"/resources/yka-kxy-yjk-2/data.json","930d781f-abab-77e6-651a-8e527fd9ef39":"/resources/mas-s62s18-lec22/data.json","96e98c80-4cc1-5b0a-92df-13614b704aa8":"/resources/hzv9wuqiza0-2/data.json","9d9eab3f-8a18-8331-ce25-8ef10d037484":"/resources/mas-s62s18-lec24/data.json","9f1681e4-1241-e402-a602-a5b13402c9f9":"/resources/1qws70xgsq4-1/data.json","a152dcc9-d655-26eb-fa9a-edf05a4dad70":"/resources/p6ax8kdxats/data.json","a443a0af-8aff-5d91-bb92-2d7bf0cc1361":"/resources/gf4mkkhyz1q-2/data.json","a795fbc7-4d9a-5130-6575-1203411d7a54":"/resources/hzv9wuqiza0-1/data.json","aa188834-fbeb-a99b-3e33-123992d384be":"/resources/mbdrvfytldq/data.json","ad7e9a7e-a21a-c89e-1430-f4f259f445f3":"/resources/lec22-alternative-consensus-mechanisms/data.json","adeb1ec1-7fd4-3da7-d745-2ce165ee0295":"/resources/cceq5pchvuk-1/data.json","afc5a1c3-272a-56b3-82b4-9070abdcabc9":"/resources/uysc4jxbqi4-2/data.json","b6b4cb3a-c493-f7b6-c5da-51206454698f":"/resources/mas-s62s18-lec06/data.json","b6df29b0-33c6-9489-190a-a54ad3029fb2":"/resources/mas-s62s18-lec13/data.json","b8f258a1-69e9-91e1-3f8a-a43d1f1335dd":"/resources/mas-s62s18-th/data.json","bd3f2307-de89-57bc-b7ff-6e53bea08f62":"/resources/0q5iimx-aac-2/data.json","bdca99f7-b3b0-db13-b01b-3a6cb6775b5f":"/resources/mas-s62s18-lec12/data.json","c0452f07-9656-197a-75e1-23a1cfc08b85":"/pages/assignments/pset2-mine-your-name/data.json","c0d11f99-465f-5bc4-8d7d-736c930940f1":"/resources/ijqueyhiq_u-2/data.json","c15a3ca2-7836-4def-5f34-051fb77d8bc9":"/resources/yka-kxy-yjk/data.json","c54ddfdd-e8db-c649-dc82-5f4a6014ae90":"/resources/mas-s62s18-lec07/data.json","c55f60cf-3f87-8bf5-e082-1cb0a099a30b":"/resources/mas-s62s18-lec01/data.json","c83f67d7-f01e-e2ae-6083-dc897f6eac74":"/resources/wxwbdiobw5w-1/data.json","c879ebcc-6179-2c1d-f2a0-f0a610350c24":"/resources/mas-s62s18-lec17/data.json","ca50be1b-e256-1fdf-3acd-fe95513a6111":"/resources/cceq5pchvuk/data.json","cc3c68e8-e692-4340-3783-5595e15e808e":"/resources/hzv9wuqiza0/data.json","cdca06a6-07f8-4d9c-547f-3e3e493c37ea":"/pages/syllabus/data.json","ce7f15e5-e214-615f-2947-d7e5a317cd0d":"/resources/mas-s62s18-lec03/data.json","d0fd063a-a1c4-9b77-990f-ebe6d26367c4":"/resources/1qws70xgsq4/data.json","d7fb8da2-d2a8-0678-fbd5-a06021081408":"/resources/mas-s62s18-lec10/data.json","da4b02e4-0aa2-5b39-aa53-3cec8bb79045":"/resources/gf4mkkhyz1q-1/data.json","db619fb7-6897-b3e1-b653-bc72bbb60e73":"/resources/lec3-signatures/data.json","dd7f319f-fec9-4122-762e-46e45ab00e67":"/resources/wxwbdiobw5w/data.json","dea23a8d-54a8-bb20-91e1-bd6c4bd48d13":"/resources/mas-s62s18-lec16/data.json","e1599fbe-69b0-dd2c-2b56-9cfaac876a5b":"/resources/bfwc2xa8rsk/data.json","e3471e38-b547-a79c-03fc-d682b094826e":"/resources/0q5iimx-aac/data.json","e4186e59-5e8f-8552-8ca3-1b349fa6562f":"/resources/mas-s62s18-lec05/data.json","ea270ddf-b14f-e87f-3fde-130c0cdb6a75":"/resources/uysc4jxbqi4-1/data.json","ea5a30f8-17fa-8c49-737d-f5f0378d0f63":"/resources/0q5iimx-aac-1/data.json","ed0cda0f-5637-d3ad-bd9c-e6e7736dbbf6":"/resources/lec18-confidential-transactions/data.json","ed8eb8a3-600d-9792-62e1-b02572f099e7":"/resources/lec5-synchronization-process-pruning/data.json","f3cf22d9-1741-f66a-55a9-fc124e4128c0":"/resources/lec8-forks/data.json","f47dc222-163c-5f58-90d6-34baac6ccfce":"/resources/74_bkwr3n0k/data.json","f5f25395-5f99-6f9d-5f27-08ffeeec4faf":"/resources/muwnevhy6po-1/data.json","f804844e-9a14-7345-7616-8c871ed89588":"/resources/ijqueyhiq_u-1/data.json","f85a89c5-6713-da4b-1747-9f5dd74bac22":"/resources/lec6-spv-and-wallet-types/data.json","f88051e2-2b2b-057c-0d09-c3df2c0e7235":"/resources/mas-s62s18-lec11/data.json","fd5ec2b1-ec3d-58e5-b9b9-08901a86531a":"/resources/vt2o4kcebes-2/data.json"}