{
  "course_title":"Cryptocurrency Engineering and Design",
  "course_description":"Bitcoin and other cryptographic currencies have gained attention over the years as the systems continue to evolve. This course looks at the design of Bitcoin and other cryptocurrencies and how they function in practice, focusing on cryptography, game theory, and network architecture.\n",
  "site_uid":"063d1203-a0b8-4326-8e28-3a00f767648d",
  "legacy_uid":"b174d8e4-face-76d8-29e3-6336e1d82187","instructors": [{
    "first_name":"Neha",
    "last_name":"Narula",
    "middle_initial":"",
    "salutation":"",
    "title":"Neha Narula"},{
    "first_name":"Tadge",
    "last_name":"Dryja",
    "middle_initial":"",
    "salutation":"",
    "title":"Tadge Dryja"}],"department_numbers":["MAS"],
  "learning_resource_types":["Lecture Videos","Problem Sets","Lecture Notes"],
  "topics":[["Engineering","Computer Science","Algorithms and Data Structures"],["Engineering","Computer Science","Data Mining"],["Engineering","Computer Science","Software Design and Engineering"]],
  "primary_course_number":"MAS.S62",
  "extra_course_numbers":"",
  "term":"Spring",
  "year":"2018",
  "level":["Graduate"],
  "image_src":"./static_resources/3342fe0c3491729d56718ebf8f502fb8_mas-s62s18.jpg",
  "course_image_metadata":{"content_type":"resource","description":"","draft":false,"file":"/courses/mas-s62-cryptocurrency-engineering-and-design-spring-2018/3342fe0c3491729d56718ebf8f502fb8_mas-s62s18.jpg","file_type":"image/jpeg","image_metadata":{"caption":"Illustration of a Bitcoin in the matrix courtesy of [Aaron J. Olson](https://pixabay.com/illustrations/bitcoin-crypto-money-blockchain-3767104/). License: CC0.","credit":"","image-alt":"Illustration of a bitcoin in a matrix of digital numbers."},"iscjklanguage":false,"learning_resource_types":[],"license":"https://creativecommons.org/licenses/by-nc-sa/4.0/","ocw_type":"OCWImage","resourcetype":"Image","title":"mas-s62s18.jpg","uid":"3342fe0c-3491-729d-5671-8ebf8f502fb8"}}

