{
  "title":"Lecture 5: Synchronization Process, Pruning",
  "description": "",
  "file": null,
  "learning_resource_types": ["Lecture Videos"],
  "resource_type": "Video",
  "file_type": null,
  "youtube_key":  "1Qws70XGSq4",
  "captions_file": "/courses/mas-s62-cryptocurrency-engineering-and-design-spring-2018/7925123f328b57c29fcdda780bdc63e0_1Qws70XGSq4.vtt",
  "transcript_file": "/courses/mas-s62-cryptocurrency-engineering-and-design-spring-2018/9f1681e41241e402a602a5b13402c9f9_1Qws70XGSq4.pdf",
  "thumbnail_file": "https://img.youtube.com/vi/1Qws70XGSq4/default.jpg",
  "archive_url": "https://archive.org/download/MITMAS.S62S18/MITMAS_S62S18_lec05_300k.mp4"}
