{
  "title":"Lecture 15: Discreet Log Contracts",
  "description": "",
  "file": null,
  "learning_resource_types": ["Lecture Videos"],
  "resource_type": "Video",
  "file_type": null,
  "youtube_key":  "P6AX8KdXAts",
  "captions_file": "/courses/mas-s62-cryptocurrency-engineering-and-design-spring-2018/5e8ede8709355247a3af7bfb90a5bedb_P6AX8KdXAts.vtt",
  "transcript_file": "/courses/mas-s62-cryptocurrency-engineering-and-design-spring-2018/12e8ef3810a0450eef8f177c5caec567_P6AX8KdXAts.pdf",
  "thumbnail_file": "https://img.youtube.com/vi/P6AX8KdXAts/default.jpg",
  "archive_url": "https://archive.org/download/MITMAS.S62S18/MITMAS_S62S18_lec15_300k.mp4"}
