{
  "title":"Lecture 7: OP_RETURN and Catena",
  "description": "",
  "file": null,
  "learning_resource_types": ["Lecture Videos"],
  "resource_type": "Video",
  "file_type": null,
  "youtube_key":  "CCeq5PChvuk",
  "captions_file": "/courses/mas-s62-cryptocurrency-engineering-and-design-spring-2018/4702015580e45914aef1b9d5ad3614f2_CCeq5PChvuk.vtt",
  "transcript_file": "/courses/mas-s62-cryptocurrency-engineering-and-design-spring-2018/adeb1ec17fd43da7d7452ce165ee0295_CCeq5PChvuk.pdf",
  "thumbnail_file": "https://img.youtube.com/vi/CCeq5PChvuk/default.jpg",
  "archive_url": "https://archive.org/download/MITMAS.S62S18/MITMAS_S62S18_lec07_300k.mp4"}
