{
  "title":"Lecture 12: Transaction Malleability and Segregated Witness",
  "description": "",
  "file": null,
  "learning_resource_types": ["Lecture Videos"],
  "resource_type": "Video",
  "file_type": null,
  "youtube_key":  "7o5shPC0R2k",
  "captions_file": "/courses/mas-s62-cryptocurrency-engineering-and-design-spring-2018/7872790e5f045cc8929d01fb830ff222_7o5shPC0R2k.vtt",
  "transcript_file": "/courses/mas-s62-cryptocurrency-engineering-and-design-spring-2018/28972c1935810fe272c14b0577008db6_7o5shPC0R2k.pdf",
  "thumbnail_file": "https://img.youtube.com/vi/7o5shPC0R2k/default.jpg",
  "archive_url": "https://archive.org/download/MIT24.912S17/MITMAS_S62S18_lec12_300k.mp4"}
