{
  "title":"Lecture 23: New Directions in Crypto",
  "description": "",
  "file": null,
  "learning_resource_types": ["Lecture Videos"],
  "resource_type": "Video",
  "file_type": null,
  "youtube_key":  "74_BKWR3n0k",
  "captions_file": "/courses/mas-s62-cryptocurrency-engineering-and-design-spring-2018/4714b4c1f5e25b3f8c86a59be3b47500_74_BKWR3n0k.vtt",
  "transcript_file": "/courses/mas-s62-cryptocurrency-engineering-and-design-spring-2018/2787e7358b9eb76f59c673e74539a6e0_74_BKWR3n0k.pdf",
  "thumbnail_file": "https://img.youtube.com/vi/74_BKWR3n0k/default.jpg",
  "archive_url": "https://archive.org/download/MITMAS.S62S18/MITMAS_S62S18_lec23_300k.mp4"}
