{
  "title":"Lecture 17: Anonymity, Coinjoin and Signature Aggregation",
  "description": "",
  "file": null,
  "learning_resource_types": ["Lecture Videos"],
  "resource_type": "Video",
  "file_type": null,
  "youtube_key":  "BFwc2XA8rSk",
  "captions_file": "/courses/mas-s62-cryptocurrency-engineering-and-design-spring-2018/29e485be72ae5ef1a60080e64860f024_BFwc2XA8rSk.vtt",
  "transcript_file": "/courses/mas-s62-cryptocurrency-engineering-and-design-spring-2018/66cdeceb821fb721421ef88182690786_BFwc2XA8rSk.pdf",
  "thumbnail_file": "https://img.youtube.com/vi/BFwc2XA8rSk/default.jpg",
  "archive_url": "https://archive.org/download/MITMAS.S62S18/MITMAS_S62S18_lec17_300k.mp4"}
