{
  "title":"Lecture 2: Proof of Work and Mining",
  "description": "",
  "file": null,
  "learning_resource_types": ["Lecture Videos"],
  "resource_type": "Video",
  "file_type": null,
  "youtube_key":  "zYzEmBlJ77s",
  "captions_file": "/courses/mas-s62-cryptocurrency-engineering-and-design-spring-2018/107c08758c61537cbbc77d75d50a875a_zYzEmBlJ77s.vtt",
  "transcript_file": "/courses/mas-s62-cryptocurrency-engineering-and-design-spring-2018/1cc5f4ee60ba51898945d4a45390e3f8_zYzEmBlJ77s.pdf",
  "thumbnail_file": "https://img.youtube.com/vi/zYzEmBlJ77s/default.jpg",
  "archive_url": "https://archive.org/download/MITMAS.S62S18/MITMAS_S62S18_lec02_300k.mp4"}
