{
  "title":"Lecture 13: Payment Channels and Lightning Network",
  "description": "",
  "file": null,
  "learning_resource_types": ["Lecture Videos"],
  "resource_type": "Video",
  "file_type": null,
  "youtube_key":  "Hzv9WuqIzA0",
  "captions_file": "/courses/mas-s62-cryptocurrency-engineering-and-design-spring-2018/96e98c804cc15b0a92df13614b704aa8_Hzv9WuqIzA0.vtt",
  "transcript_file": "/courses/mas-s62-cryptocurrency-engineering-and-design-spring-2018/a795fbc74d9a513065751203411d7a54_Hzv9WuqIzA0.pdf",
  "thumbnail_file": "https://img.youtube.com/vi/Hzv9WuqIzA0/default.jpg",
  "archive_url": "https://archive.org/download/MITMAS.S62S18/MITMAS_S62S18_lec13_300k.mp4"}
